<?xml version="1.0" encoding="UTF-8" standalone="yes"?>
<addon id="plugin.video.pblv" name="PBLV en avance Replay" version="1.2" provider-name="KodiStream">
  <requires>
    <import addon="xbmc.python" version="2.1.0"/>
    <import addon="script.module.addon.common" />
    <import addon="script.module.requests" />
    <import addon="script.module.echo"/>
    <import addon="script.module.urlresolver"/>
  </requires>
  <extension point="xbmc.python.pluginsource" library="default.py">
        <provides>video</provides>
  </extension>
  <extension point="xbmc.service" library="service.py" start="startup" />
  <extension point="xbmc.addon.metadata">
    <platform>all</platform>
    <summary lang="en">Plus belle la vie in advance replay Streaming</summary>
    <summary lang="fr">Plus belle la vie en Avance Replay Streaming</summary>
    <disclaimer lang="en">The author does not host or distribute the content that is displayed to you with this addiciel. The author does not have an alliance with the content distributors.</disclaimer>
    <disclaimer lang="fr">L'auteur n'héberge pas ou ne distribue pas le contenu qui vous est affiché avec cet addiciel. L'auteur n'a pas d'alliance avec les distributeurs de contenu.</disclaimer>
    <forum></forum>
    <source></source>
    <website></website>
    <platform>all</platform>
    <assets>
      <icon>icon.png</icon>
      <fanart>fanart.jpg</fanart>
    </assets>
  </extension>
</addon>